epoch,acc,loss,val_acc,val_loss
0,0.5395733118057251,1.227962613105774,0.6846206784248352,0.9083220958709717
1,0.7074034214019775,0.7898436784744263,0.7824891209602356,0.6032251119613647
2,0.7566611170768738,0.6442862153053284,0.663075864315033,0.6569105386734009
3,0.7951037287712097,0.5387631058692932,0.8203071355819702,0.4106259346008301
4,0.8432798981666565,0.42695316672325134,0.8693559765815735,0.28952062129974365
5,0.8897846937179565,0.3259572684764862,0.9342195987701416,0.19124801456928253
6,0.9209517240524292,0.2383841723203659,0.8530827164649963,0.2911578416824341
7,0.9360927939414978,0.19067879021167755,0.8831079602241516,0.22809042036533356
8,0.957821249961853,0.13917863368988037,0.9009855389595032,0.19389814138412476
9,0.9617540240287781,0.11814788728952408,0.9028191566467285,0.19368550181388855
10,0.9670632481575012,0.10524606704711914,0.8645427227020264,0.33393070101737976
11,0.9725690484046936,0.08604694157838821,0.9961035847663879,0.020419463515281677
12,0.9731589555740356,0.09020877629518509,0.8340591192245483,0.51997971534729
13,0.9766984581947327,0.07489511370658875,0.9947283864021301,0.02615104429423809
14,0.9754202961921692,0.07483870536088943,0.9518679976463318,0.09996959567070007
