epoch,acc,loss,val_acc,val_loss
0,0.5427194833755493,1.2337111234664917,0.6415310502052307,0.9521035552024841
1,0.6422180533409119,0.9702108502388,0.7320650815963745,0.7698832154273987
2,0.6794808506965637,0.8498457670211792,0.7309190630912781,0.6796439290046692
3,0.7044538259506226,0.7686478495597839,0.7540683150291443,0.5969385504722595
4,0.7275587320327759,0.7050169110298157,0.7811139225959778,0.5310567617416382
5,0.7450594902038574,0.6396663784980774,0.8031170964241028,0.4760996699333191
6,0.763740062713623,0.5893518328666687,0.849186360836029,0.41689079999923706
7,0.7808474898338318,0.5546714663505554,0.8145771026611328,0.4748084247112274
8,0.7925474643707275,0.5210605263710022,0.8175567388534546,0.3841205835342407
9,0.8072952628135681,0.4836367070674896,0.8835663795471191,0.32064321637153625
10,0.8187985420227051,0.4591713547706604,0.9289479851722717,0.30965012311935425
11,0.8318749666213989,0.4335154592990875,0.9243639707565308,0.29372695088386536
12,0.8426899909973145,0.4087069034576416,0.919321596622467,0.27257558703422546
13,0.8556680679321289,0.38219431042671204,0.9275727868080139,0.2589434087276459
14,0.8542916178703308,0.37260252237319946,0.8927343487739563,0.35141345858573914
