epoch,acc,loss,val_acc,val_loss
0,0.6106577515602112,1.0608748197555542,0.7471923232078552,0.7330284714698792
1,0.7599056363105774,0.637810468673706,0.8033463358879089,0.5419210195541382
2,0.802969217300415,0.5012863278388977,0.8331423401832581,0.4277533292770386
3,0.829122006893158,0.4259835183620453,0.9055695533752441,0.25473853945732117
4,0.8619604706764221,0.35212448239326477,0.9438459873199463,0.19256551563739777
5,0.8976501822471619,0.26060113310813904,0.8413935303688049,0.390779584646225
6,0.9396322965621948,0.17975303530693054,0.9337611794471741,0.1533772498369217
7,0.9627372026443481,0.11763809621334076,0.9940407872200012,0.03242446482181549
8,0.9595909714698792,0.12142882496118546,0.9949576258659363,0.0451621413230896
9,0.9705044031143188,0.09431901574134827,0.9967911839485168,0.02048223838210106
10,0.9868252873420715,0.052456676959991455,0.9912903904914856,0.030577313154935837
11,0.9784681797027588,0.06793934851884842,0.9944992065429688,0.019900336861610413
12,0.9861370325088501,0.04641803354024887,0.9972496032714844,0.013618404045701027
13,0.9830891489982605,0.05465489625930786,0.9956452250480652,0.015018368139863014
14,0.987906813621521,0.04053308442234993,0.9965620040893555,0.01334341149777174
