epoch,acc,loss,val_acc,val_loss
0,0.5658243894577026,1.1567630767822266,0.7490258812904358,0.7502784132957458
1,0.7542031407356262,0.6621248126029968,0.9151959419250488,0.4572718143463135
2,0.8670730590820312,0.3864850401878357,0.826266348361969,0.45138078927993774
3,0.9248844981193542,0.2223883718252182,0.8638551235198975,0.3234253525733948
4,0.942581832408905,0.17301595211029053,0.8290167450904846,0.4024587571620941
5,0.9527086615562439,0.14243018627166748,0.9844143986701965,0.09528765082359314
6,0.9647035598754883,0.11585160344839096,0.8844831585884094,0.24517932534217834
7,0.9598859548568726,0.1341046690940857,0.8750859498977661,0.29783791303634644
8,0.9634253978729248,0.10853876173496246,0.8920467495918274,0.2272096872329712
9,0.9713892340660095,0.08968392759561539,0.8938803672790527,0.24814435839653015
10,0.9592960476875305,0.13169990479946136,0.9828100204467773,0.048806965351104736
11,0.9787631630897522,0.06611484289169312,0.9830392003059387,0.08144383132457733
12,0.9823026061058044,0.05512334406375885,0.9956452250480652,0.02242766134440899
13,0.9836791157722473,0.05194627493619919,0.9963328242301941,0.01573214866220951
14,0.9800412654876709,0.06286239624023438,0.9844143986701965,0.06647402793169022
