epoch,acc,loss,val_acc,val_loss
0,0.5138137936592102,1.2858235836029053,0.5794178247451782,1.067437767982483
1,0.6576541066169739,0.8953498005867004,0.7497134804725647,0.7134512662887573
2,0.7169403433799744,0.7359665036201477,0.7811139225959778,0.5694344639778137
3,0.7913675904273987,0.5572132468223572,0.7978455424308777,0.6105158925056458
4,0.8650083541870117,0.38452813029289246,0.9537015557289124,0.18869417905807495
5,0.8959787487983704,0.30594709515571594,0.8886087536811829,0.2246583104133606
6,0.9275391101837158,0.22285570204257965,0.972495973110199,0.0870124101638794
7,0.9364860653877258,0.1935264766216278,0.9447627663612366,0.14111123979091644
8,0.9480876922607422,0.1631646752357483,0.871189534664154,0.24699415266513824
9,0.9558548927307129,0.13581795990467072,0.9770799875259399,0.06625359505414963
10,0.9550683498382568,0.1362123042345047,0.985560417175293,0.04990021511912346
11,0.9647035598754883,0.10776107013225555,0.9894567728042603,0.027289753779768944
12,0.9637203812599182,0.11682211607694626,0.9871647953987122,0.06209903955459595
13,0.9717825055122375,0.08578261733055115,0.9919779896736145,0.0243857242166996
14,0.969914436340332,0.0891588106751442,0.9834976196289062,0.047471728175878525
