epoch,acc,loss,val_acc,val_loss
0,0.5276767015457153,1.2630891799926758,0.694476306438446,0.865150511264801
1,0.7010126709938049,0.8197340965270996,0.7785927057266235,0.5731798410415649
2,0.7515485286712646,0.6600690484046936,0.8047215342521667,0.5101287961006165
3,0.7796676754951477,0.5766602754592896,0.8143479228019714,0.46238410472869873
4,0.8094582557678223,0.49764174222946167,0.8042631149291992,0.4986666440963745
5,0.8201749920845032,0.45355424284935,0.8450607657432556,0.37605100870132446
6,0.8463277816772461,0.397360622882843,0.8274123072624207,0.3969843089580536
7,0.8707108497619629,0.34425294399261475,0.8381847143173218,0.35653194785118103
8,0.8932258486747742,0.2919830083847046,0.9275727868080139,0.21102403104305267
9,0.9060072898864746,0.26140502095222473,0.8386431336402893,0.3624438941478729
10,0.9334381818771362,0.20022089779376984,0.8911299705505371,0.24713486433029175
11,0.9406154751777649,0.1734621673822403,0.9312399625778198,0.18472979962825775
12,0.9554616212844849,0.1406823992729187,0.9202383756637573,0.1855553686618805
13,0.9614590406417847,0.12155256420373917,0.9009855389595032,0.22745876014232635
14,0.9590010643005371,0.11995238065719604,0.9394911527633667,0.14239318668842316
