epoch,acc,loss,val_acc,val_loss
0,0.6133123636245728,1.0294175148010254,0.6710978746414185,0.8771997094154358
1,0.7561694979667664,0.6431283354759216,0.7953243255615234,0.5552292466163635
2,0.8040507435798645,0.509966254234314,0.8342883586883545,0.3931407332420349
3,0.8274505734443665,0.4437161982059479,0.8285583257675171,0.48472315073013306
4,0.8448529839515686,0.39266327023506165,0.8572083711624146,0.3207850158214569
5,0.871890664100647,0.3272923529148102,0.9477424025535583,0.15152905881404877
6,0.8874250054359436,0.29647472500801086,0.9658491611480713,0.15140597522258759
7,0.9241962432861328,0.20765620470046997,0.9454503655433655,0.15901029109954834
8,0.9506440162658691,0.14452892541885376,0.9757047891616821,0.09507953375577927
9,0.9547733664512634,0.12952861189842224,0.976392388343811,0.08828622102737427
10,0.9758135676383972,0.07592152059078217,0.9938116073608398,0.024657225236296654
11,0.9742404818534851,0.08236667513847351,0.9942700266838074,0.019503632560372353
12,0.9759119153022766,0.07507631182670593,0.997020423412323,0.01978492923080921
13,0.9747321009635925,0.07517572492361069,0.9974787831306458,0.017951836809515953
14,0.9818110466003418,0.053692370653152466,0.9967911839485168,0.018449997529387474
