epoch,acc,loss,val_acc,val_loss
0,0.5630714893341064,1.171473741531372,0.7153334617614746,0.8187452554702759
1,0.7372922897338867,0.6898764371871948,0.7714875340461731,0.582893431186676
2,0.7816340327262878,0.558650016784668,0.7618610858917236,0.5700595378875732
3,0.8069019913673401,0.4825986921787262,0.8065551519393921,0.4257141351699829
4,0.8465244174003601,0.40013986825942993,0.8462067246437073,0.34054720401763916
5,0.8771015405654907,0.32546812295913696,0.9030483365058899,0.26360806822776794
6,0.9078753590583801,0.2622462213039398,0.8737107515335083,0.2641032040119171
7,0.9237046241760254,0.2188340425491333,0.9621819853782654,0.1532541662454605
8,0.9431717395782471,0.17072071135044098,0.9738711714744568,0.11151833087205887
9,0.9499557614326477,0.1454475224018097,0.9397203922271729,0.1531037837266922
10,0.9589027762413025,0.13122475147247314,0.9745587706565857,0.07428491115570068
11,0.9743388295173645,0.08673179894685745,0.9692872166633606,0.09127800166606903
12,0.9705044031143188,0.09215051680803299,0.9928947687149048,0.04979415237903595
13,0.968931257724762,0.09562671184539795,0.9867063760757446,0.048879001289606094
14,0.9801396131515503,0.0662306398153305,0.9784551858901978,0.058678336441516876
