epoch,acc,loss,val_acc,val_loss
0,0.5788024663925171,1.1328132152557373,0.6777446866035461,0.8163042664527893
1,0.7641333341598511,0.637667179107666,0.7483382821083069,0.644856333732605
2,0.8264673948287964,0.4571744203567505,0.8095347285270691,0.4409048855304718
3,0.8831973075866699,0.327953577041626,0.8512491583824158,0.29107511043548584
4,0.9278340339660645,0.21605293452739716,0.945908784866333,0.1347801834344864
5,0.9487759470939636,0.15742917358875275,0.884253978729248,0.24171631038188934
6,0.9515288472175598,0.14932243525981903,0.9741004109382629,0.08114606887102127
7,0.956838071346283,0.1322484016418457,0.9802888035774231,0.0548112578690052
8,0.973453938961029,0.08659855276346207,0.880357563495636,0.2696952521800995
9,0.9692262411117554,0.09151823818683624,0.995415985584259,0.02330559305846691
10,0.9816144108772278,0.05966176092624664,0.9940407872200012,0.021341664716601372
11,0.9772883653640747,0.08053043484687805,0.9935823678970337,0.02115171030163765
12,0.9832857847213745,0.053992439061403275,0.9889984130859375,0.045797303318977356
13,0.98417067527771,0.05087612569332123,0.9857895970344543,0.041082289069890976
14,0.9837774038314819,0.05298440903425217,0.9981663823127747,0.0067587862722575665
