epoch,acc,loss,val_acc,val_loss
0,0.589322566986084,1.0941178798675537,0.7368782758712769,0.7849211692810059
1,0.7775046825408936,0.6013941168785095,0.8081595301628113,0.469388872385025
2,0.8227313160896301,0.4656842052936554,0.8340591192245483,0.5403442978858948
3,0.8558647036552429,0.369807630777359,0.9145083427429199,0.27785950899124146
4,0.9037459492683411,0.2722536027431488,0.8189319372177124,0.44377392530441284
5,0.9372726082801819,0.19015440344810486,0.9637863636016846,0.11048071086406708
6,0.9502506852149963,0.14277683198451996,0.9255099892616272,0.1941961646080017
7,0.9642120003700256,0.11025723814964294,0.9802888035774231,0.05854068323969841
8,0.9782715439796448,0.07439747452735901,0.9796012043952942,0.0575009286403656
9,0.9747321009635925,0.08299463987350464,0.9933531880378723,0.032367851585149765
10,0.9807295203208923,0.06431688368320465,0.9773091673851013,0.0642344132065773
11,0.9790580868721008,0.06628995388746262,0.8420811295509338,0.397392213344574
12,0.9831874966621399,0.052863627672195435,0.9931240081787109,0.03422771766781807
13,0.9766001105308533,0.07187293469905853,0.9757047891616821,0.0674034133553505
14,0.9912496209144592,0.03128903731703758,0.9947283864021301,0.016350777819752693
