epoch,acc,loss,val_acc,val_loss
0,0.49051225185394287,1.3449064493179321,0.6305294632911682,1.10161554813385
1,0.6455609202384949,0.9887472987174988,0.7455878853797913,0.7196170091629028
2,0.732474684715271,0.7273536324501038,0.5986706614494324,0.8122045993804932
3,0.7684593200683594,0.6170957684516907,0.653907835483551,0.710485577583313
4,0.7967751622200012,0.544568657875061,0.8193903565406799,0.47373130917549133
5,0.81486576795578,0.48663219809532166,0.7584230899810791,0.5245789289474487
6,0.8307934403419495,0.4462045729160309,0.5390785932540894,0.9154024720191956
7,0.8460328578948975,0.4115259349346161,0.5315150022506714,0.9962946176528931
8,0.8561596870422363,0.3848942220211029,0.6571166515350342,0.6902877688407898
9,0.8626487255096436,0.3716537058353424,0.5053861737251282,1.0063276290893555
10,0.8675646185874939,0.35260483622550964,0.8152647018432617,0.42917126417160034
11,0.8745452761650085,0.3414824903011322,0.8863167762756348,0.3219473659992218
12,0.887130081653595,0.31557729840278625,0.5349529981613159,0.957584023475647
13,0.8905712366104126,0.30738547444343567,0.6683474779129028,0.6448704600334167
14,0.9043358564376831,0.2801830768585205,0.843685507774353,0.3610922396183014
