epoch,acc,loss,val_acc,val_loss
0,0.5424245595932007,1.225600004196167,0.43479257822036743,1.636425256729126
1,0.6812506318092346,0.8481215238571167,0.7201467156410217,0.7422254681587219
2,0.7555795907974243,0.6545401811599731,0.786614716053009,0.6008069515228271
3,0.7911709547042847,0.538286030292511,0.8356635570526123,0.44181394577026367
4,0.8139809370040894,0.4850514233112335,0.7652990818023682,0.5434864163398743
5,0.8396421074867249,0.41187870502471924,0.9133623838424683,0.2719627618789673
6,0.8547831773757935,0.38222378492355347,0.8280999064445496,0.4111267328262329
7,0.8637301921844482,0.3610576391220093,0.8572083711624146,0.3396618664264679
8,0.8830990195274353,0.3150327503681183,0.9257391691207886,0.22882862389087677
9,0.8960770964622498,0.29233255982398987,0.7925739288330078,0.439801424741745
10,0.8965686559677124,0.278964638710022,0.9163419604301453,0.21810223162174225
11,0.9047291278839111,0.26101332902908325,0.9218427538871765,0.22169005870819092
12,0.9099400043487549,0.26177850365638733,0.7091450691223145,0.5504647493362427
13,0.9202634692192078,0.23654279112815857,0.9410955905914307,0.20049220323562622
14,0.9228197932243347,0.22026246786117554,0.8771487474441528,0.27525582909584045
