epoch,acc,loss,val_acc,val_loss
0,0.6065283417701721,1.0784988403320312,0.7132706642150879,0.798750638961792
1,0.6985546946525574,0.7844768762588501,0.7593399286270142,0.615125298500061
2,0.7438796758651733,0.6622677445411682,0.8001375198364258,0.5020459294319153
3,0.7876315116882324,0.5521875619888306,0.8698143362998962,0.45671603083610535
4,0.8159472942352295,0.4788442850112915,0.807242751121521,0.43457263708114624
5,0.8473109602928162,0.41054418683052063,0.8198487162590027,0.4151642322540283
6,0.871497392654419,0.34614336490631104,0.9174879789352417,0.25635677576065063
7,0.8933241367340088,0.29508328437805176,0.9255099892616272,0.2503928542137146
8,0.9003047943115234,0.2708479166030884,0.9472839832305908,0.18014399707317352
9,0.9226231575012207,0.22142572700977325,0.9532431960105896,0.16159144043922424
10,0.9399272203445435,0.18528097867965698,0.9621819853782654,0.13824839890003204
11,0.9416970014572144,0.16918665170669556,0.9225303530693054,0.1863706260919571
12,0.9465146064758301,0.1536681056022644,0.8760027289390564,0.39337635040283203
13,0.9532002806663513,0.14239501953125,0.9401787519454956,0.15368328988552094
14,0.957821249961853,0.1284535825252533,0.9628695845603943,0.10125478357076645
