epoch,acc,loss,val_acc,val_loss
0,0.45973846316337585,1.3883699178695679,0.5988998413085938,1.230818271636963
1,0.6197030544281006,1.045317530632019,0.6206738352775574,0.8657156229019165
2,0.6924589276313782,0.8126392960548401,0.7506303191184998,0.640250563621521
3,0.7156621813774109,0.7426639795303345,0.6587210893630981,0.7116319537162781
4,0.7340477705001831,0.6886569857597351,0.7840934991836548,0.5724448561668396
5,0.7567594051361084,0.6420788764953613,0.7531514763832092,0.5557135343551636
6,0.7617736458778381,0.6216427087783813,0.7508594989776611,0.5327023267745972
7,0.7775046825408936,0.5828330516815186,0.7916570901870728,0.48952001333236694
8,0.7845836281776428,0.5595871806144714,0.7918863296508789,0.493463933467865
9,0.7962835431098938,0.5301773548126221,0.8225991129875183,0.4232347011566162
10,0.8036574721336365,0.5098257064819336,0.8416227102279663,0.3890097141265869
11,0.8130960464477539,0.4937576651573181,0.8583543300628662,0.3552184998989105
12,0.8267623782157898,0.4665319621562958,0.8615631461143494,0.3527108430862427
13,0.8356110453605652,0.43990054726600647,0.8723355531692505,0.33688440918922424
14,0.8441647887229919,0.42860350012779236,0.8695851564407349,0.3434158265590668
