epoch,acc,loss,val_acc,val_loss
0,0.5632681250572205,1.1716742515563965,0.7063946723937988,0.848677396774292
1,0.7427981495857239,0.6848834753036499,0.8276415467262268,0.4245382249355316
2,0.8283354640007019,0.4674418568611145,0.8629383444786072,0.29911062121391296
3,0.9034509658813477,0.2898462414741516,0.9057987332344055,0.22872091829776764
4,0.9211483597755432,0.25146719813346863,0.9777675867080688,0.10918735712766647
5,0.9539868235588074,0.14320498704910278,0.9791427850723267,0.06002448871731758
6,0.9553632736206055,0.1383923590183258,0.9699748158454895,0.08255793154239655
7,0.9737489223480225,0.09053154289722443,0.9876232147216797,0.03307388722896576
8,0.9656867384910583,0.10898125916719437,0.9596607685089111,0.08514876663684845
9,0.9804345965385437,0.0644078403711319,0.9903736114501953,0.027304617688059807
10,0.9840723872184753,0.05403178185224533,0.9967911839485168,0.014508693479001522
11,0.9714875817298889,0.08400193601846695,0.9851019978523254,0.03414694219827652
12,0.984760582447052,0.04920216277241707,0.8581251502037048,0.39712685346603394
13,0.988103449344635,0.04131588712334633,0.9853311777114868,0.03754279017448425
14,0.987513542175293,0.042956482619047165,0.9981663823127747,0.010726142674684525
