epoch,acc,loss,val_acc,val_loss
0,0.5487169623374939,1.2325258255004883,0.5315150022506714,1.2221283912658691
1,0.663356602191925,0.9099589586257935,0.7261058688163757,0.7780071496963501
2,0.728541910648346,0.7146977186203003,0.6848498582839966,0.6746805310249329
3,0.7742601633071899,0.5825144052505493,0.6332798600196838,0.6990667581558228
4,0.8101465106010437,0.4876602292060852,0.7565895318984985,0.5443699359893799
5,0.8342345952987671,0.43214893341064453,0.6786614656448364,0.5712969899177551
6,0.8589125871658325,0.37950247526168823,0.8957139849662781,0.3556448221206665
7,0.8665814399719238,0.35881879925727844,0.8349759578704834,0.3675343692302704
8,0.88418048620224,0.32388362288475037,0.929864764213562,0.22340865433216095
9,0.8951922059059143,0.2927268445491791,0.9369699954986572,0.20565015077590942
10,0.8999115228652954,0.27755409479141235,0.9445335865020752,0.18973180651664734
11,0.9107265472412109,0.2621377110481262,0.9477424025535583,0.16814030706882477
12,0.9134795069694519,0.24488797783851624,0.9569103717803955,0.15014754235744476
13,0.9264575839042664,0.222032830119133,0.9241347908973694,0.21679651737213135
14,0.9315701723098755,0.2049872726202011,0.9454503655433655,0.1737854927778244
