epoch,acc,loss,val_acc,val_loss
0,0.6179333329200745,1.0501079559326172,0.7426083087921143,0.6867437362670898
1,0.7574476599693298,0.6431328058242798,0.8063259124755859,0.49757710099220276
2,0.8083767294883728,0.5044944286346436,0.8393307328224182,0.4074501693248749
3,0.84554123878479,0.40833836793899536,0.8235159516334534,0.5189605355262756
4,0.8829023838043213,0.32499799132347107,0.9353655576705933,0.17332108318805695
5,0.9136761426925659,0.2594560384750366,0.980976402759552,0.10119514912366867
6,0.944744884967804,0.16307322680950165,0.9773091673851013,0.08866379410028458
7,0.9587061405181885,0.12691570818424225,0.9834976196289062,0.054309919476509094
8,0.9639170169830322,0.11161075532436371,0.9901443719863892,0.03808970004320145
9,0.9760102033615112,0.08143927156925201,0.9596607685089111,0.11784305423498154
10,0.973257303237915,0.0853060781955719,0.9880815744400024,0.033172767609357834
11,0.983974039554596,0.05528935417532921,0.9912903904914856,0.028177274391055107
12,0.9823026061058044,0.055327173322439194,0.9947283864021301,0.028917502611875534
13,0.987513542175293,0.04295240342617035,0.9800595641136169,0.055108312517404556
14,0.9892832636833191,0.03628573194146156,0.9887691736221313,0.036115460097789764
