epoch,acc,loss,val_acc,val_loss
0,0.5581555366516113,1.1948820352554321,0.7180838584899902,0.8816383481025696
1,0.7108445763587952,0.7710010409355164,0.7199174761772156,0.779186487197876
2,0.7675744891166687,0.6069990992546082,0.8404767513275146,0.5370461344718933
3,0.7991347908973694,0.5020586252212524,0.8608755469322205,0.41413983702659607
4,0.8204699754714966,0.44710874557495117,0.6415310502052307,0.7224794030189514
5,0.841411828994751,0.3998119831085205,0.7804263234138489,0.44681739807128906
6,0.8494740128517151,0.38224875926971436,0.8638551235198975,0.38724789023399353
7,0.8668764233589172,0.3540154695510864,0.9342195987701416,0.2522794306278229
8,0.8761183619499207,0.3216804265975952,0.9626404047012329,0.19368107616901398
9,0.8870317339897156,0.303011417388916,0.6896630525588989,0.6169615387916565
10,0.8906695246696472,0.28536126017570496,0.8943387866020203,0.29144206643104553
11,0.9046308398246765,0.2624344229698181,0.9601191878318787,0.15039333701133728
12,0.902959406375885,0.2615172266960144,0.9674535989761353,0.1379527598619461
13,0.9117097854614258,0.2401573210954666,0.6486362814903259,0.7351639866828918
14,0.9161341190338135,0.2366829216480255,0.9539307951927185,0.1531151682138443
