epoch,acc,loss,val_acc,val_loss
0,0.47025856375694275,1.3920854330062866,0.5173045992851257,1.2576799392700195
1,0.604365348815918,1.0535660982131958,0.7112078666687012,0.8198631405830383
2,0.7041589021682739,0.7995287179946899,0.7031858563423157,0.7903773784637451
3,0.7738668918609619,0.612389087677002,0.7944075465202332,0.4587411880493164
4,0.8372824788093567,0.4613330364227295,0.7882190942764282,0.49205946922302246
5,0.8674663305282593,0.3723892271518707,0.8093055486679077,0.401387095451355
6,0.8986333608627319,0.30041974782943726,0.8157231211662292,0.45020443201065063
7,0.9126929640769958,0.2476653903722763,0.8512491583824158,0.3197876513004303
8,0.9321600794792175,0.199848011136055,0.8805867433547974,0.2937565743923187
9,0.9383541345596313,0.18846720457077026,0.8230575323104858,0.42918676137924194
10,0.945728063583374,0.162011057138443,0.9697455763816833,0.1397058218717575
11,0.9507423043251038,0.15573276579380035,0.849873960018158,0.35856083035469055
12,0.9587061405181885,0.12218286842107773,0.8501031398773193,0.37789058685302734
13,0.958017885684967,0.13119398057460785,0.9773091673851013,0.06290160119533539
14,0.9679480791091919,0.09879270941019058,0.9564520120620728,0.12319207191467285
