epoch,acc,loss,val_acc,val_loss
0,0.5299380421638489,1.2732203006744385,0.5642906427383423,1.1794160604476929
1,0.6992429494857788,0.8283745646476746,0.6607838869094849,0.9592286944389343
2,0.760200560092926,0.6318672299385071,0.7510886788368225,0.6306741833686829
3,0.8074918985366821,0.5174884796142578,0.783635139465332,0.4938742220401764
4,0.845737874507904,0.42376038432121277,0.840705931186676,0.3499946594238281
5,0.8635335564613342,0.3809765577316284,0.8083887100219727,0.4321058988571167
6,0.8832956552505493,0.32341018319129944,0.8400183320045471,0.3823554813861847
7,0.8963720202445984,0.2872418165206909,0.9342195987701416,0.20250123739242554
8,0.9018778800964355,0.27353405952453613,0.8601879477500916,0.3144686222076416
9,0.9064988493919373,0.2639544904232025,0.9211551547050476,0.2161446213722229
10,0.918002188205719,0.2343166172504425,0.8899839520454407,0.25175946950912476
11,0.9222298860549927,0.21621794998645782,0.920009195804596,0.22464632987976074
12,0.927145779132843,0.2091246098279953,0.9626404047012329,0.10569913685321808
13,0.9370759725570679,0.1845931112766266,0.8904423713684082,0.2615789771080017
14,0.9368793368339539,0.1812102049589157,0.9149667620658875,0.19561131298542023
