epoch,acc,loss,val_acc,val_loss
0,0.5302330255508423,1.2747764587402344,0.6069218516349792,1.0756454467773438
1,0.6632582545280457,0.916547954082489,0.7274810671806335,0.77449631690979
2,0.7204797863960266,0.7476248145103455,0.7728627324104309,0.6330615878105164
3,0.7508602738380432,0.655838131904602,0.7898235321044922,0.5761650204658508
4,0.7797660231590271,0.5767685174942017,0.8125143051147461,0.5258033275604248
5,0.8044440150260925,0.5058190226554871,0.814806342124939,0.513739824295044
6,0.8313833475112915,0.44381409883499146,0.7923446893692017,0.5798418521881104
7,0.8602890372276306,0.3840944170951843,0.8283291459083557,0.4062461853027344
8,0.874840259552002,0.3435485064983368,0.8423103094100952,0.3224669098854065
9,0.8925375938415527,0.2965366244316101,0.9163419604301453,0.2048543244600296
10,0.9008947014808655,0.27322661876678467,0.922301173210144,0.19580237567424774
11,0.9204601049423218,0.22574280202388763,0.9685995578765869,0.12333934754133224
12,0.9227214455604553,0.21431303024291992,0.8725647330284119,0.2635430693626404
13,0.9367810487747192,0.17958499491214752,0.9408663511276245,0.15078264474868774
14,0.9473011493682861,0.16319802403450012,0.9360531568527222,0.16733233630657196
