epoch,acc,loss,val_acc,val_loss
0,0.5798839926719666,1.1337641477584839,0.6099014282226562,0.9364042282104492
1,0.7611837387084961,0.6407397389411926,0.6694934964179993,0.7748264074325562
2,0.8116212487220764,0.49719497561454773,0.8239743113517761,0.43153268098831177
3,0.8480975031852722,0.3936581015586853,0.8308503031730652,0.47635847330093384
4,0.9073837399482727,0.2615731358528137,0.8741691708564758,0.3302534222602844
5,0.9385507702827454,0.1806006282567978,0.8856291770935059,0.23817117512226105
6,0.953691840171814,0.14754799008369446,0.9644739627838135,0.09764013439416885
7,0.968931257724762,0.09957997500896454,0.979371964931488,0.06477014720439911
8,0.9723724126815796,0.08533868938684464,0.9745587706565857,0.0742938295006752
9,0.9741421937942505,0.07842771708965302,0.9883108139038086,0.031822118908166885
10,0.9749287366867065,0.07488225400447845,0.9046527743339539,0.23664645850658417
11,0.9788614511489868,0.06637543439865112,0.9786843657493591,0.0551961325109005
12,0.9809261560440063,0.06556222587823868,0.9928947687149048,0.02120163105428219
13,0.9862353801727295,0.04355034977197647,0.922988772392273,0.20743870735168457
14,0.9818110466003418,0.053584493696689606,0.9754756093025208,0.06626637279987335
