epoch,acc,loss,val_acc,val_loss
0,0.6031855344772339,1.0764193534851074,0.7336695194244385,0.7259209156036377
1,0.7710156440734863,0.6119096279144287,0.7820307016372681,0.6737028360366821
2,0.8292203545570374,0.4490102529525757,0.7884483337402344,0.5833319425582886
3,0.8923409581184387,0.3046366572380066,0.9339903593063354,0.15790167450904846
4,0.9122996926307678,0.2484559267759323,0.8732523322105408,0.29120928049087524
5,0.9465146064758301,0.16585096716880798,0.8294751048088074,0.4463615417480469
6,0.9600825905799866,0.12808528542518616,0.9821224212646484,0.07622519135475159
7,0.9682430624961853,0.1026320531964302,0.9887691736221313,0.0354955829679966
8,0.9736505746841431,0.08722229301929474,0.8480403423309326,0.4729119837284088
9,0.969914436340332,0.09282591193914413,0.9917488098144531,0.022902540862560272
10,0.9840723872184753,0.05699976533651352,0.8844831585884094,0.27253931760787964
11,0.9756169319152832,0.09627623856067657,0.9706624150276184,0.07282369583845139
12,0.9835807681083679,0.05371461063623428,0.9844143986701965,0.05185353010892868
13,0.9787631630897522,0.06822040677070618,0.9236763715744019,0.19602972269058228
14,0.987513542175293,0.04491238296031952,0.9961035847663879,0.01723530888557434
