epoch,acc,loss,val_acc,val_loss
0,0.526201963,1.277599216,0.544350207,1.283293486
1,0.701799214,0.821097255,0.656199872,1.001227856
2,0.770229101,0.605187833,0.782259941,0.742034793
3,0.819191813,0.488694102,0.794178307,0.605136693
4,0.848785758,0.415366411,0.805409133,0.600659132
5,0.874053657,0.357199192,0.80793035,0.53492713
6,0.89086616,0.303374946,0.822140753,0.449586242
7,0.903057694,0.275359273,0.832683921,0.380874246
8,0.91515094,0.240840316,0.827641547,0.606056094
9,0.921934903,0.225220099,0.83360076,0.690422893
10,0.933438182,0.190734714,0.834746718,0.415356815
11,0.937469304,0.181493491,0.855374753,0.334981799
12,0.946711242,0.158557355,0.96630758,0.110215023
13,0.945826352,0.160195753,0.935892737,0.472675502
14,0.953986824,0.138883144,0.927801967,0.171887428
