epoch,acc,loss,val_acc,val_loss
0,0.5215809941291809,1.2761203050613403,0.5349529981613159,1.2725470066070557
1,0.6851833462715149,0.8461354970932007,0.6779738664627075,0.7632434964179993
2,0.7489922046661377,0.6641871333122253,0.6612422466278076,0.8390673995018005
3,0.7755382657051086,0.5731713771820068,0.7455878853797913,0.6479123830795288
4,0.7988398671150208,0.5161213874816895,0.7618610858917236,0.5138280987739563
5,0.8223380446434021,0.46332547068595886,0.8049507141113281,0.4403688907623291
6,0.8409202694892883,0.40199023485183716,0.6931010484695435,0.654370129108429
7,0.8666797876358032,0.35999464988708496,0.6942470669746399,0.6286640167236328
8,0.8683512210845947,0.3460884094238281,0.826266348361969,0.3891473710536957
9,0.8903746008872986,0.3090130686759949,0.7785927057266235,0.4497632384300232
10,0.8955854773521423,0.29052963852882385,0.8851707577705383,0.28430819511413574
11,0.9109232425689697,0.264436274766922,0.8588127493858337,0.33114761114120483
12,0.9189853668212891,0.2427096962928772,0.6869126558303833,0.6222823858261108
13,0.9256710410118103,0.2150830179452896,0.6445106863975525,0.7182762622833252
14,0.9312751889228821,0.20763076841831207,0.8526243567466736,0.31329184770584106
