epoch,acc,loss,val_acc,val_loss
0,0.5361321568489075,1.248215675354004,0.7047902941703796,0.897712230682373
1,0.7161537408828735,0.7655298709869385,0.7652990818023682,0.620271623134613
2,0.759610652923584,0.6124907732009888,0.7905111312866211,0.5272161364555359
3,0.7935306429862976,0.5188091993331909,0.8164107203483582,0.44035235047340393
4,0.8351194858551025,0.4300762712955475,0.8750859498977661,0.27864882349967957
5,0.875036895275116,0.34461644291877747,0.961952805519104,0.14527428150177002
6,0.8963720202445984,0.2958676218986511,0.9848728179931641,0.1014561876654625
7,0.9126929640769958,0.2460513859987259,0.8576667308807373,0.2913118302822113
8,0.9387474060058594,0.1883612424135208,0.9828100204467773,0.07974144071340561
9,0.9485793113708496,0.1533898413181305,0.9830392003059387,0.0709979236125946
10,0.9557565450668335,0.13549184799194336,0.9035067558288574,0.24166007339954376
11,0.9647035598754883,0.10798271745443344,0.9083199501037598,0.21793971955776215
12,0.9718808531761169,0.09552133828401566,0.9291771650314331,0.15867368876934052
13,0.969914436340332,0.09551654756069183,0.9919779896736145,0.04174727946519852
14,0.9715858697891235,0.08853569626808167,0.9910612106323242,0.0421646349132061
