epoch,acc,loss,val_acc,val_loss
0,0.4619014859199524,1.41859769821167,0.5702498555183411,1.1625473499298096
1,0.6226526498794556,1.0196168422698975,0.6717854738235474,0.8421769738197327
2,0.7213646769523621,0.7487797737121582,0.7763007283210754,0.5880464315414429
3,0.771703839302063,0.6179697513580322,0.7737795114517212,0.6310914158821106
4,0.8077868223190308,0.5308907628059387,0.7889066934585571,0.5293576717376709
5,0.8499655723571777,0.44148144125938416,0.8792115449905396,0.29351943731307983
6,0.8662865161895752,0.39150652289390564,0.8333715200424194,0.34136438369750977
7,0.8958804607391357,0.32206645607948303,0.9445335865020752,0.16316930949687958
8,0.9081702828407288,0.2790621221065521,0.8317671418190002,0.33248162269592285
9,0.9299970269203186,0.22707852721214294,0.8973183631896973,0.22084152698516846
10,0.9347163438796997,0.19929613173007965,0.8258079290390015,0.4762793481349945
11,0.946121335029602,0.17070819437503815,0.8310795426368713,0.42238929867744446
12,0.9497591257095337,0.15584422647953033,0.9211551547050476,0.16955211758613586
13,0.953691840171814,0.14313359558582306,0.9761632084846497,0.07514030486345291
14,0.958214521408081,0.12760090827941895,0.9761632084846497,0.054567042738199234
