epoch,acc,loss,val_acc,val_loss
0,0.48687446117401123,1.3541722297668457,0.46527618169784546,1.4683406352996826
1,0.6315996646881104,0.9847270846366882,0.5874398350715637,1.1321187019348145
2,0.7142857313156128,0.7741271257400513,0.7437543272972107,0.6772558689117432
3,0.7495821714401245,0.6564257740974426,0.7300022840499878,0.8215293884277344
4,0.7903844118118286,0.5619726181030273,0.7776759266853333,0.5570550560951233
5,0.8157506585121155,0.5025941133499146,0.7818015217781067,0.6923606395721436
6,0.8315799832344055,0.45803147554397583,0.7760714888572693,0.6173624992370605
7,0.848294198513031,0.43055206537246704,0.795782744884491,0.577620804309845
8,0.8697276711463928,0.3682185113430023,0.7932615280151367,0.7580427527427673
9,0.8708091378211975,0.3605644702911377,0.7868438959121704,0.6831233501434326
10,0.8897846937179565,0.31380099058151245,0.7973871231079102,0.6955369114875793
11,0.8944056630134583,0.3003196120262146,0.8035755157470703,0.5401496291160583
12,0.9044342041015625,0.27770575881004333,0.7808846831321716,1.1315653324127197
13,0.9109232425689697,0.2566951513290405,0.8730231523513794,0.29140424728393555
14,0.915052592754364,0.24252767860889435,0.8081595301628113,0.7058472037315369
