epoch,acc,loss,val_acc,val_loss
0,0.47212663292884827,1.384020209312439,0.5072197914123535,1.3070188760757446
1,0.6134106516838074,1.044019341468811,0.6914966702461243,0.9393238425254822
2,0.693638801574707,0.8318816423416138,0.7228971123695374,0.7933167815208435
3,0.7269688248634338,0.729324996471405,0.7318359017372131,0.7406644225120544
4,0.74456787109375,0.6630749106407166,0.7428374886512756,0.7244151830673218
5,0.7577425837516785,0.6223529577255249,0.752234697341919,0.6687966585159302
6,0.772097110748291,0.5832239985466003,0.7540683150291443,0.6596684455871582
7,0.7812407612800598,0.56456458568573,0.7549850940704346,0.6876292824745178
8,0.7932356595993042,0.5379767417907715,0.7565895318984985,0.6770700216293335
9,0.798643171787262,0.5114458799362183,0.7843227386474609,0.5280515551567078
10,0.8114246129989624,0.4837106764316559,0.7487967014312744,0.6776899099349976
11,0.8139809370040894,0.46576717495918274,0.7831767201423645,0.47903528809547424
12,0.8290237188339233,0.44085216522216797,0.7765299081802368,0.5500537157058716
13,0.8377740383148193,0.41338199377059937,0.783635139465332,0.5145831108093262
14,0.8491790294647217,0.3911034166812897,0.7742379307746887,0.6416724324226379
