epoch,acc,loss,val_acc,val_loss
0,0.5494051575660706,1.2017379999160767,0.7416914701461792,0.7168294191360474
1,0.7495821714401245,0.6779993772506714,0.8427687287330627,0.4811665415763855
2,0.8212565183639526,0.4759982228279114,0.8187026977539062,0.4189940094947815
3,0.8757250905036926,0.34143373370170593,0.8175567388534546,0.49629178643226624
4,0.9123979806900024,0.24805893003940582,0.9241347908973694,0.17004984617233276
5,0.9330449104309082,0.18965189158916473,0.9030483365058899,0.20586512982845306
6,0.9468095302581787,0.1561298668384552,0.9433875679969788,0.13119997084140778
7,0.957427978515625,0.12647412717342377,0.9887691736221313,0.03660431131720543
8,0.9700127840042114,0.09611280262470245,0.8714187741279602,0.3257905840873718
9,0.9682430624961853,0.09621263295412064,0.9869356155395508,0.04658093303442001
10,0.9654901027679443,0.10053213685750961,0.9702039957046509,0.09252075850963593
11,0.9798446297645569,0.06030218303203583,0.9928947687149048,0.020051006227731705
12,0.9850555658340454,0.055309269577264786,0.9956452250480652,0.01600073277950287
13,0.9788614511489868,0.06771677732467651,0.9702039957046509,0.08830052614212036
14,0.9824992418289185,0.05399205535650253,0.9896860122680664,0.02858743444085121
