epoch,acc,loss,val_acc,val_loss
0,0.45403599739074707,1.4251760244369507,0.557873010635376,1.2181307077407837
1,0.5978763103485107,1.0966325998306274,0.7538390755653381,0.7546907663345337
2,0.6855766177177429,0.8310012817382812,0.7834059000015259,0.6309431791305542
3,0.732867956161499,0.7077208161354065,0.7889066934585571,0.5508567094802856
4,0.7537115216255188,0.6381641626358032,0.8060967326164246,0.5290248990058899
5,0.7640349864959717,0.5837753415107727,0.8022003173828125,0.49702757596969604
6,0.7843869924545288,0.5450400114059448,0.8070135116577148,0.48939406871795654
7,0.7911709547042847,0.5220978856086731,0.8280999064445496,0.4284750521183014
8,0.8097532391548157,0.4795806109905243,0.8255787491798401,0.4483688175678253
9,0.8190935254096985,0.44809284806251526,0.8365803360939026,0.41343143582344055
10,0.8396421074867249,0.4095373749732971,0.8363511562347412,0.35330694913864136
11,0.845147967338562,0.39317649602890015,0.8652303218841553,0.2966860830783844
12,0.8644184470176697,0.3625048100948334,0.849873960018158,0.34762486815452576
13,0.8744469285011292,0.33418381214141846,0.8590419292449951,0.2867507040500641
14,0.8884082436561584,0.2988317012786865,0.8457483649253845,0.39217525720596313
