epoch,acc,loss,val_acc,val_loss
0,0.5820469856262207,1.1196671724319458,0.7018106579780579,0.7483432292938232
1,0.7399469017982483,0.6965147852897644,0.7900527119636536,0.6563990116119385
2,0.8125061392784119,0.5073466300964355,0.8404767513275146,0.361639142036438
3,0.872480571269989,0.3551037013530731,0.9342195987701416,0.19664765894412994
4,0.9007963538169861,0.28272223472595215,0.9426999688148499,0.17268046736717224
5,0.9248844981193542,0.2255028337240219,0.957368791103363,0.10826366394758224
6,0.9391406774520874,0.17985966801643372,0.9699748158454895,0.09154512733221054
7,0.9481860399246216,0.1600337028503418,0.9791427850723267,0.06658459454774857
8,0.9599842429161072,0.12238121032714844,0.8040339350700378,0.6148855090141296
9,0.9586077928543091,0.12599660456180573,0.8386431336402893,0.2980284094810486
10,0.9704060554504395,0.09169014543294907,0.9828100204467773,0.0495171919465065
11,0.9668665528297424,0.10561637580394745,0.9816640019416809,0.06064203754067421
12,0.9791564345359802,0.06924839317798615,0.9841852188110352,0.048993390053510666
13,0.972470760345459,0.087456613779068,0.9518679976463318,0.1260535717010498
14,0.9778782725334167,0.07316574454307556,0.9878523945808411,0.03452877700328827
