epoch,acc,loss,val_acc,val_loss
0,0.6035788059234619,1.069778323173523,0.7506303191184998,0.7080301642417908
1,0.7542031407356262,0.6607235670089722,0.7845519185066223,0.6127040386199951
2,0.7921541929244995,0.5417028665542603,0.8033463358879089,0.48026445508003235
3,0.828925371170044,0.4405099153518677,0.8164107203483582,0.41783446073532104
4,0.8653033375740051,0.355252742767334,0.8487279415130615,0.3281964957714081
5,0.9069904685020447,0.25439453125,0.833829939365387,0.3773619532585144
6,0.9392390251159668,0.1783231943845749,0.9626404047012329,0.1300463229417801
7,0.9478910565376282,0.15583501756191254,0.9669951796531677,0.1358506679534912
8,0.9747321009635925,0.08692240715026855,0.983955979347229,0.045605603605508804
9,0.968931257724762,0.09915672987699509,0.9938116073608398,0.02780936099588871
10,0.9766984581947327,0.07389874011278152,0.9899151921272278,0.0358610525727272
11,0.9796479940414429,0.06715241074562073,0.9956452250480652,0.01664084941148758
12,0.9782715439796448,0.07040661573410034,0.8638551235198975,0.40502557158470154
13,0.9771900773048401,0.06803325563669205,0.9983956217765808,0.013698908500373363
14,0.987906813621521,0.04046653211116791,0.9926655888557434,0.03184601664543152
